{"cameraMode":{"drawMode":0,"name":"Shaded","section":"Shading Mode"},"sceneLighting":false,"audioPlay":false,"sceneViewState":{"showFog":true,"showMaterialUpdate":false,"showSkybox":true,"showFlares":true,"showImageEffects":true,"showParticleSystems":true},"in2DMode":false,"pivot":{"x":0.03236818313598633,"y":-0.051814258098602298,"z":0.14993758499622346},"rotation":{"x":-0.17711713910102845,"y":0.6746802926063538,"z":-0.17177829146385194,"w":-0.6956496238708496},"size":1.3369872570037842,"orthographic":false}